{"isSeizure":null,"channelData":[13.70412499044,12.816508255405,12.625978664371,16.247221772096,14.410510805501,15.461963661179,17.954143232734,19.035872916118,18.549175450527,16.683349243147,13.2244723429,13.486248723954,19.383325868578,15.304239156021,12.735722208003,14.110649204912],"sequence":3}