{"isSeizure":null,"channelData":[12.088221665809,12.141499310133,11.95207028052,11.521874668646,11.390497234757,14.881376490746,15.599377497335,15.54785576621,16.225764818762,17.863727182872,16.329000089039,17.555079860287,14.820165799768,18.683167267331,18.782828475427,18.070005590283],"sequence":2}