{"isSeizure":null,"channelData":[13.866030248229,13.246276981545,13.49543466259,13.003811185406,12.916441249804,13.305033831449,12.577474336216,12.285117453646,11.942788296333,13.117673271739,12.028062697415,11.818013321259,12.482547871056,12.174370695746,11.768867984762,13.021016461903],"sequence":1}