{"isSeizure":null,"channelData":[27.21111962768,28.438538304362,33.933437794324,31.524817351405,30.306165015273,33.361762852903,34.638519839878,36.408257345491,36.580204792568,25.965028459774,26.283130746652,30.460769585585,31.803746024765,34.312998614022,21.76892256292],"sequence":2}