{"isSeizure":null,"channelData":[18.338673657637,21.628620102215,20.948084499994,21.266806332258,20.354047931423,19.694322037121,19.260787826043,20.299038974003,21.060155774819,23.51917412868,21.009104242306,22.119820094269,21.823647040421,23.020429324778,23.121041068109],"sequence":2}