{"isSeizure":null,"channelData":[29.576174903203,32.418828994549,30.265240160206,24.049312980332,29.637014081168,35.813267365351,25.543724844493,21.208856484257,21.516893346504,22.417448274405,23.824040985689,22.109888018675,21.50982281734,23.232091096432,27.722808252283],"sequence":4}