{"isSeizure":null,"channelData":[35.222210423931,39.850020118168,40.539563501474,34.340852204753,35.84945039596,42.754436365485,42.976296227231,29.978671929713,35.815867495175,41.971180249508,31.781006970814,28.160208795113,36.711633364539,34.134003570263,35.222757117166],"sequence":2}