{"isSeizure":null,"channelData":[17.952543374562,18.550129565386,17.424746227709,18.213959699777,20.931107320191,23.669465118839,28.123917266889,30.770046258965,26.84396900728,17.659439362893,17.839450936652,17.671507461428,17.513721319846,19.148012988497,20.411251006825],"sequence":1}