{"isSeizure":null,"channelData":[31.942873240869,34.085510729104,39.500969517358,39.963805230013,42.624405068856,44.105424107332,26.550473616452,16.784488214892,17.618684055035,17.704355607333,17.296621963563,17.573804644087,18.094969333435,18.027788913975,17.895437366721],"sequence":2}