{"isSeizure":null,"channelData":[18.71304858421,18.921769411844,17.198131693638,17.575348373131,19.224290656562,17.891650423039,18.445779057428,18.448763250883,18.026161464231,17.747964011151,18.46827642716,18.178908500984,18.152956493803,20.114956935611,18.334106561879],"sequence":4}