{"isSeizure":null,"channelData":[27.153255441241,27.65504626003,29.225033097457,30.22153458012,29.173436356174,29.037744946686,31.587627775969,32.179487396344,34.580375368205,37.444966207506,37.007791593858,37.321699185652,30.905756944091,35.262711040676,37.779792833667],"sequence":3}