{"isSeizure":null,"channelData":[17.271100522127,17.110827422368,17.052171452464,16.712452240728,17.091909341356,17.486574767502,18.622318703339,21.146328963808,25.87388163591,27.881899969503,33.248633543797,33.664817025167,35.880027254991,38.450200517793,30.9551078539],"sequence":3}