{"isSeizure":null,"channelData":[21.231499581123,24.184839255499,21.54960461619,22.651210598447,22.722212109539,24.579462051005,21.706304264164,20.598777866461,21.026443577596,21.468312924135,21.161578678208,19.688212670925,21.717767604651,21.703745791424,22.369559060377],"sequence":6}