{"isSeizure":null,"channelData":[18.612503219324,18.006414885575,18.275701980796,17.243365184948,17.297677462945,17.062655911664,17.214505195803,17.207587173942,17.233390176777,17.424353698428,17.252571679629,17.621288820269,17.511973634795,17.408496193938,17.28338957567],"sequence":5}