{"isSeizure":null,"channelData":[16.869518377693,16.451564872617,16.599272432624,16.149873768291,16.573479669098,16.92086971568,16.68537320235,16.622777829388,17.269395704912,16.975107238153,16.526300004224,16.218372470831,16.243341225527,16.123124276944,17.27885220491],"sequence":1}