{"isSeizure":null,"channelData":[24.449713501253,17.861607557428,17.625859012241,18.380138331988,17.924438304309,18.896691664483,18.782585178894,19.009060812725,18.642130498757,21.110920041678,19.625430979711,23.589160453148,20.139954623091,28.854642320013,27.90742944071],"sequence":6}