{"isSeizure":null,"channelData":[25.089747438657,23.446313180865,22.935009240893,21.313271533247,22.342824755524,22.845400884559,23.614602583892,22.966511120692,23.220835449467,19.959207380435,20.46209846671,23.017857218296,22.263089791189,22.986934435313,21.959518516327],"sequence":4}