{"isSeizure":null,"channelData":[17.715585979591,17.946513828915,17.978547812925,17.934653599075,18.841982388916,19.058234631763,18.451012927203,18.069725158562,25.412853511956,35.723560813735,31.204544585622,27.529715421378,18.881005051532,17.370365051677,19.998995979682],"sequence":4}