{"isSeizure":null,"channelData":[24.605260368752,40.453939178375,44.881595156954,47.210231618626,48.174431835005,49.189491704533,49.984967742753,51.233185827617,39.845489593981,49.019799093087,51.101670202605,51.164887096638,51.714161569289,33.510335263263,16.715833308697],"sequence":3}