{"isSeizure":null,"channelData":[19.071608720674,21.035032197933,19.022694117796,31.546590966954,32.24325701258,40.194576629975,44.16240047796,44.488661441291,42.713681928099,34.678747905754,18.439085789716,23.947742501494,33.380281391433,31.10026419967,38.218978195049],"sequence":4}