{"isSeizure":null,"channelData":[29.553759930813,26.040931091284,31.474893858151,35.948417964953,30.346870336454,30.961753976114,35.689751114193,37.396550704059,35.701837829611,36.670339205445,30.739646751573,33.696791287675,37.421217825342,32.348107645654,34.883999593382],"sequence":2}