{"isSeizure":null,"channelData":[13.00467295675,11.742290346302,11.162618988214,13.094860767155,16.568779249758,14.494274671213,13.925658849721,14.422421608646,13.59047190935,15.981295953541,14.34975392448,13.570321368292,14.105163067702,12.672539092975,12.388646195426,14.490362472805],"sequence":6}