{"isSeizure":null,"channelData":[17.787353723011,17.919259018085,17.519246533089,17.950199683043,19.529996618194,17.830781065739,17.065714382197,18.193128677822,18.249816013196,18.212125053881,17.663684145986,17.173241910424,17.088658477822,17.043495895458,17.104647133887],"sequence":2}