{"isSeizure":null,"channelData":[21.684619745002,24.043981256111,26.057274098683,24.899454103127,24.407183243055,19.978858190234,22.508185899687,22.243307675725,19.071879132533,20.547887716807,22.447789899946,24.777065665851,21.341974035633,25.595034286465,26.441361815302],"sequence":1}