{"isSeizure":null,"channelData":[21.829648801331,21.437834870907,21.044928620647,20.406957264813,24.903441152441,26.27775989428,31.690370815422,35.176347643607,35.103582481876,37.702187077554,37.303517826221,36.171139279053,32.013346088237,21.634075013207,23.933116286553,21.624484309482],"sequence":2}