{"isSeizure":null,"channelData":[26.231042944785,25.58599443095,25.517942492661,25.084941823567,24.394173575206,23.076895137619,25.483964175872,25.631479648384,25.827484093678,24.832243152566,24.114820833122,23.446650197545,24.109667871715,25.811330262021,25.319244790895],"sequence":3}