{"isSeizure":null,"channelData":[17.937065782725,19.120462689222,19.528351858836,18.073903717018,18.596951993904,19.183459947094,18.368957390169,19.302677472737,19.574115315895,20.329500796151,20.046236299059,19.125084596643,14.855827347908,13.818587335374,15.106289182877,15.399139885177],"sequence":6}