{"isSeizure":null,"channelData":[36.92594851465,39.417259756325,41.933377624124,43.740075774233,41.405805559432,42.043678277562,43.112748663644,41.338156963613,42.285446828698,45.840713097299,43.010622450189,45.045683666554,40.117606695695,40.268591244554,40.517154141488],"sequence":1}