{"isSeizure":null,"channelData":[18.198195113704,17.91381767888,19.408860984723,18.062696627313,18.409667576682,18.457268115911,17.969001579699,17.766653011753,17.636855876,17.425216843902,16.867941650698,17.45655524821,17.379071279587,17.205631031891,17.264245507869],"sequence":6}