{"isSeizure":null,"channelData":[27.618613988869,29.478568764727,28.77206203166,27.759924809802,31.702650214137,28.701065277383,33.102359266609,31.56739004225,30.466946333609,35.292238274796,38.61898855285,40.782780390661,41.003094754603,26.085893048264,28.683158630328],"sequence":1}