{"isSeizure":null,"channelData":[17.513909930345,18.973288758173,18.477524361115,19.135139823159,18.329677725199,16.230964790167,16.946742635901,16.915125426748,14.367462391233,14.989498372542,15.321065688981,14.309063235207,12.991683508232,14.706095496106,13.092750686697,14.489574985053],"sequence":4}