{"isSeizure":null,"channelData":[21.149540175477,18.568563356013,18.59263468298,19.131889905156,17.933499980999,19.246831567345,18.878848750844,18.709220995081,18.143352864693,20.759551928119,20.855853954964,20.543269697904,18.045534010101,19.419983254964,19.940602129286],"sequence":6}