{"isSeizure":null,"channelData":[18.176070470437,17.331532117689,18.132437206315,17.800394747408,17.368264763031,17.92285238755,18.105416738808,18.015876236368,17.418389852709,17.956350798363,18.1029834469,18.135304489009,22.206794513589,20.540545344512,26.000305727291],"sequence":3}