{"isSeizure":null,"channelData":[17.697259961279,16.775539234308,16.355961411749,16.999733956073,17.439778678831,17.274200094703,16.269951921046,16.795920178508,21.959783715013,27.610445176407,32.927456965997,32.412665274878,36.713122436776,43.490859208955,47.665238336714],"sequence":5}