{"isSeizure":null,"channelData":[25.194208507287,24.177272381146,23.965183597004,25.117167411016,24.380220514534,21.68251787277,20.814781314984,22.412133050894,21.385814793687,23.887730923185,24.002612215175,25.171789291487,25.545473442186,25.128995346708,24.873662795626],"sequence":2}