{"isSeizure":null,"channelData":[13.062656236715,13.918998734355,13.310386757836,13.995388339208,13.166353867433,13.870613913318,12.239632963518,12.012414630831,11.096649670397,11.397868357231,12.248266515515,11.676922880098,11.344305680851,12.285751421193,12.006228188603,13.784657606747],"sequence":5}