{"isSeizure":null,"channelData":[18.341865761357,19.265101667034,16.263163238542,16.20847150467,18.403337227612,17.231860377502,17.688392830704,17.490312361402,17.156640392466,18.052766802595,18.02037037037,18.070887263019,17.557268768978,17.751759404587,16.849870891672],"sequence":1}