{"isSeizure":null,"channelData":[20.306134525888,19.729175560581,18.737640995311,21.088580454447,19.843304650365,20.405599959445,20.029519358863,19.296485998041,19.455581423845,19.572474798728,19.707632059211,19.809542536726,21.082545982288,22.522188254496,20.036104501017],"sequence":3}