{"isSeizure":null,"channelData":[20.008255519531,20.799522390583,20.535952134295,22.273523346559,21.371984356747,26.20558180932,21.922552459405,21.046717455101,20.420954949775,20.643838861557,21.173917458169,20.578796549494,21.435542250186,21.176369790565,23.239763405871],"sequence":3}