{"isSeizure":null,"channelData":[25.115882198041,19.783405199908,15.906767495081,16.459788998885,16.951704005374,17.516720344213,17.8635665003,17.080236643413,17.378232166555,19.253881668874,21.542363256502,24.955741052891,27.986141412769,36.45446833059,41.068677376341],"sequence":5}