{"isSeizure":null,"channelData":[29.410038636181,33.90927462918,23.941629399349,20.999275067406,28.576030130742,33.356614504431,25.737741544358,18.649652933368,17.228847209902,17.582316403279,18.087729304503,17.694769760581,16.566869667015,18.134298480484,17.460714029225],"sequence":5}