{"isSeizure":null,"channelData":[21.655981308016,20.689060797743,20.009681098205,20.002749840543,21.608710185154,20.168418384589,20.809679490429,21.619678974476,22.021693568833,19.768803805115,20.194120951765,20.993180752314,21.230640306327,20.023603700952,19.073818756283],"sequence":4}