{"isSeizure":null,"channelData":[43.606510939647,47.335638441769,49.624508566047,49.943335471564,22.661278819998,17.30055078397,17.675593968899,18.041511696141,18.715045451473,18.974904576523,18.366766448105,19.119992735137,18.106073661091,18.024708098883,19.333049094516],"sequence":2}