{"isSeizure":null,"channelData":[28.559676688641,24.887022861895,23.505824811027,34.14943885842,36.995213994939,42.656736430698,43.128243371712,42.926510852408,43.888000676018,44.562125201266,45.240882300713,44.168405390325,46.056254225828,25.95246491559,21.919235558718],"sequence":1}