{"isSeizure":null,"channelData":[19.015947161541,19.677177266005,17.463824098088,19.021023939823,18.767055611669,17.4326182688,17.130751914313,16.637285488127,17.037967571039,17.370505786577,17.680980608692,17.979761471462,22.365248995728,21.726900676846,31.914444954206],"sequence":5}