{"isSeizure":null,"channelData":[16.197324627419,12.276813048507,11.77571084869,13.9260077658,11.556164406801,11.242152123168,12.037142796439,12.057013731966,12.67589147913,12.117773512476,13.234844319417,12.9999744215,12.3569039656,12.362077642904,12.148104931437,12.266862779174],"sequence":4}