{"isSeizure":null,"channelData":[21.26442627043,21.173175038,20.924861775618,21.198076711447,21.367669567129,20.834729520473,21.553445115627,22.941979507728,22.001616226576,21.193785547608,21.143472958553,20.410903028713,20.502262022544,20.468917638299,20.584514486748],"sequence":5}