{"isSeizure":null,"channelData":[23.537337161268,23.45928586842,23.622749324321,24.031489736021,24.119123768911,23.397233795072,22.389072728733,21.72035259119,23.16726625548,22.952058879513,23.820929170227,22.385269397281,22.492426453482,21.797086069195,22.764233141543],"sequence":3}