{"isSeizure":null,"channelData":[20.50109538753,21.631723782269,26.505693016961,29.226900401511,30.675952986157,33.931625883219,34.209338087433,31.295166933925,33.89828302421,31.728475026882,27.035245390841,27.616256864729,25.385958433091,29.451059693608,33.111691354005],"sequence":1}