{"isSeizure":null,"channelData":[19.988328442033,20.868019317134,21.372261478126,21.926892718459,24.014776092215,27.168186633894,30.58625833849,32.673567580388,31.16125488799,40.818796756518,43.748472474866,39.395458865862,22.323946158814,20.233954433846,20.118850002111,20.477852445376],"sequence":3}