{"isSeizure":null,"channelData":[14.136997181655,15.621613455106,17.729856589642,15.741742662273,16.237569719419,15.708620374192,18.056526754436,20.334558495473,19.005579085234,18.464962789709,15.05704944342,14.114172139206,13.894658350258,12.625469888761,13.076118888998,15.58910157601],"sequence":4}