{"isSeizure":null,"channelData":[17.163308997091,16.786413874043,16.844494399082,16.949755444989,17.22360313977,17.122374775915,18.680034475766,17.322280243323,19.283185092496,20.631871039297,22.751210243911,24.928927173858,26.770810728333,28.483900612806,30.829974922929],"sequence":2}