{"isSeizure":null,"channelData":[11.91265226017,12.712457054195,13.811871235934,12.74950140629,13.231373118518,13.95631036717,13.220905494656,15.534608476015,15.530460662084,17.486016664456,16.987075442067,18.609612715926,14.596919378761,14.160071749954,12.951462471466,15.125099932025],"sequence":6}