{"isSeizure":null,"channelData":[26.022825249214,30.063470970854,20.452493382742,18.908331958841,18.880759128033,18.218235649394,18.400827912478,18.687517686762,18.45834090285,18.461288251297,18.39822145241,18.187302754154,18.877674110179,18.332923027465,18.201848249027],"sequence":4}