{"isSeizure":null,"channelData":[20.42667240957,21.767131331052,21.254837414693,21.51660656992,21.400618350306,20.781607932308,20.904707213674,19.609910420491,19.777784345932,19.374030262975,21.274036041904,21.642973545778,20.639684269207,19.617001407135,19.758045780374],"sequence":2}