{"isSeizure":null,"channelData":[21.928585336945,21.316483404817,24.18720558671,21.094389819236,21.496920874522,20.575039668268,20.057357768978,22.343593323602,22.577575298464,22.703994405713,24.052536339365,25.9633895429,21.834667988611,24.758570689641,33.174059824704],"sequence":5}