{"isSeizure":null,"channelData":[16.481563150802,18.080679235079,17.016001723978,16.674279100026,16.136337723651,16.160417352824,17.097356947308,18.700181889541,19.094610433848,22.30898065139,22.215167615755,22.428474559032,23.407539627084,26.45402308592,26.939637562617],"sequence":4}