{"isSeizure":null,"channelData":[16.30844077074,16.157313378136,15.960671791316,12.448523998587,15.094028509054,17.354293248225,17.692761071903,18.52748536025,16.000383489499,14.335061414655,14.478124214767,13.813492809073,12.345897324509,15.759174967472,15.420637572393,14.184227803453],"sequence":2}