{"isSeizure":null,"channelData":[24.343690073292,24.800906826906,26.122119679481,26.18671997908,25.727052233297,25.198401708897,22.868740349486,27.707080689491,29.531431639197,25.016967595814,23.716273751102,23.489599466574,22.756973674222,27.811752971209,28.912975712777],"sequence":3}