{"isSeizure":null,"channelData":[16.083909238961,16.432115229602,16.904281170108,17.296405125282,19.007283779956,16.806539947092,17.772442862337,16.512129425573,16.735128632632,17.04091058917,18.995342678996,20.352401213744,21.589911202996,19.239046773239,22.554032169172],"sequence":1}