{"isSeizure":null,"channelData":[18.410907663144,16.784846566207,17.325324474987,18.453432035715,21.369725229117,25.63684569704,34.828015280754,38.388358714044,41.900993574966,40.749696459469,42.261503472707,43.892587047,45.405584623057,44.457855264604,45.052742321879],"sequence":3}