{"isSeizure":null,"channelData":[21.322068679552,20.945893078944,24.84300113025,25.766769957583,29.014226936785,21.935224932226,21.910899470899,21.180879339122,22.574142685547,21.366504065041,22.342927006436,22.162577633843,19.847642386344,21.684485353809,21.327454620026],"sequence":5}