{"isSeizure":null,"channelData":[23.317983923565,24.219093624865,25.400552614765,24.817834853069,24.140980235348,25.189195369202,23.058658131295,24.88811692438,23.937331627726,24.079093914223,25.248446968092,24.307269408172,27.527766844005,26.381764298035,24.712849639259],"sequence":3}