{"isSeizure":null,"channelData":[17.808035563368,17.320490751991,17.092240778667,17.2423301102,16.891477052305,16.953852774403,17.071990407471,16.678746174142,16.621243525503,17.390014948441,16.733310839308,16.660414326614,17.010396081412,16.335126060345,16.569747160999],"sequence":3}