{"isSeizure":null,"channelData":[21.008260375141,21.205703414015,24.929714072453,28.258308163517,35.807818792089,40.5521747983,30.438233396166,26.988614446851,36.951393045597,32.45906844849,40.736651952116,30.774420203152,37.940301101892,24.741182555024,28.817262240386],"sequence":4}