{"isSeizure":null,"channelData":[30.547103467336,36.854255869361,43.18434099461,44.635154245455,47.3629542115,20.843391497773,17.339645755273,20.118436740253,27.230376355518,36.372574808127,41.958475164694,34.776493583751,31.478565506686,38.943224437845,29.9318189567],"sequence":2}