{"isSeizure":null,"channelData":[26.388885142539,26.394238429858,26.522248618412,27.99018836157,27.383299726798,26.55166777599,25.07901712157,24.195697058055,25.366316339957,24.47296237253,25.929139972821,26.111266109795,25.199573519434,24.941333153227,24.538028810472],"sequence":1}