{"isSeizure":null,"channelData":[20.617816286469,20.977677023152,19.949490335406,19.904170213487,21.076843993535,20.739895794094,20.187006748256,20.863089191386,21.397261954623,21.065698744947,21.563773696682,21.972840624365,20.767643438202,23.768470343392,23.011192483657],"sequence":6}