{"isSeizure":null,"channelData":[33.523200202973,25.360149712288,27.829681022083,32.471135908901,34.222257933554,27.914072630196,18.170040776962,19.235119198687,20.168665270816,18.496471791231,18.025477033446,20.426952977871,17.692056661439,18.325259968816,17.645690632029],"sequence":6}