{"isSeizure":null,"channelData":[38.133479739004,36.409743780611,36.349607318218,34.612618672894,36.989259270222,37.412948192858,37.906112457033,36.102627782314,23.361867720765,22.120425019504,27.097814432291,27.629075902552,19.073433532069,18.059136898093,18.66502746335],"sequence":4}