{"isSeizure":null,"channelData":[20.253272635819,19.520197626789,19.302851690156,19.23039565535,19.53462180259,18.832820681595,19.81614618501,19.520705288397,19.411669244618,19.54958988034,20.108220340056,19.727177893123,19.695293958666,20.105605833988,21.363164221558],"sequence":2}