{"isSeizure":null,"channelData":[36.843766445414,35.551266191393,32.24663062482,26.308955731158,21.774029313013,27.840733664501,35.523856647752,31.847958385748,21.221142137131,21.007309360547,21.767813418476,21.747879699629,22.756676306574,22.82404319786,23.773530457153],"sequence":6}