{"isSeizure":null,"channelData":[20.081520500418,18.685306146592,19.607534313166,18.763032815257,21.905702273804,18.806903580778,22.220705477245,19.566491337679,19.313523437269,19.4866408744,19.902832500328,21.22244106136,20.278311184049,20.212074814107,20.056188942293],"sequence":4}