{"isSeizure":null,"channelData":[23.875948563936,21.606302307887,23.037045337302,23.05558188342,22.045407444689,24.373139443377,22.246416096484,23.844842241478,23.854101209833,21.753446658157,22.404239648502,21.049669784778,20.695466033286,20.796518533861,20.953528631869],"sequence":5}