{"isSeizure":null,"channelData":[19.634385804546,19.712922340848,17.749407007859,17.221326429772,17.885493313509,16.776437339183,17.713201218353,17.9941890643,17.487154925774,17.780077483027,17.93724736542,19.048733848602,18.189608283644,17.860198521647,18.468024532829],"sequence":5}