{"isSeizure":null,"channelData":[14.176226459749,14.145338938296,14.952140472468,14.488060432968,14.50720400213,14.105877135556,14.97934901474,14.800392927308,13.797017563145,15.092784290168,15.584303517172,14.339288582321,13.964090043129,13.817200162417,14.470608623612,13.704886056883],"sequence":2}