{"isSeizure":null,"channelData":[22.016733953047,20.146262641624,20.338381488219,19.903998683005,19.94777486911,19.915628048806,19.954586743165,20.133549332781,19.557836088841,19.716162993419,20.050121025485,20.217152274504,18.783714089161,19.242567733106,18.892163109943],"sequence":4}