{"isSeizure":null,"channelData":[35.472146902932,31.149500506487,35.382394601428,36.224764690219,26.14642507138,28.955018442692,29.262164063361,32.923367078544,35.27760131111,32.9019786266,25.248888983033,22.186437297644,22.275047702859,27.668462858232,24.079340454391],"sequence":2}