{"isSeizure":null,"channelData":[12.78929162536,11.58723471059,12.794132980685,13.447036328872,15.399284903326,14.427740338272,16.190749039013,16.572615660709,14.248943681371,15.777173243107,20.036568339126,20.635393551617,19.378004512069,11.240048409699,12.337335056023,13.465919808804],"sequence":4}