{"isSeizure":null,"channelData":[21.015793771339,20.583168923343,20.797711941466,20.591667019162,20.170357715257,20.73322931598,20.766324084604,19.800476947536,17.479240962023,18.953970547233,21.217244630077,18.78586987324,18.121273558208,19.23318184511,18.177406960149],"sequence":6}