{"isSeizure":null,"channelData":[23.625840728928,22.865344639992,23.440159192029,23.833350236218,23.623002222804,22.515474288419,22.945567638472,23.946458836109,24.412791262854,23.174101935593,23.222793020198,23.877628116724,23.74344139229,23.372368387691,24.549970846467],"sequence":4}