{"isSeizure":null,"channelData":[17.434169768482,17.69677918193,18.057185054781,17.213824581256,18.5675210924,25.626941133983,29.761831853288,33.282653801601,37.423880977142,24.786133199313,16.45165089859,17.552322630849,25.348751486326,20.642467636955,18.585815921009],"sequence":1}