{"isSeizure":null,"channelData":[12.711527637298,12.694739657859,12.835807923517,12.951165362368,13.190467717336,14.907886628389,14.131477063363,15.061597119254,16.090932995178,13.340033742253,13.910258367686,14.91226544001,15.135048586104,16.115263872391,16.717304467792,17.562768577495],"sequence":5}