{"isSeizure":null,"channelData":[19.131262889212,19.812579238298,20.373310446587,20.717812737884,20.545218284236,20.785683792295,20.844062232976,21.087246648748,20.926642787972,20.632592166824,19.99580601885,19.122796786721,20.68080233585,20.398092766292,21.602664331463],"sequence":5}