{"isSeizure":null,"channelData":[21.435169136857,24.575676259084,27.62278402764,25.254560611382,23.476004518588,21.21194958452,24.388485615485,28.136605240755,25.968350248217,22.753532321481,21.389511810624,22.978476064775,22.627293223859,24.691145037522,22.988988565211],"sequence":3}