{"isSeizure":null,"channelData":[19.061622296981,19.456919854034,20.214784357806,20.903683066855,22.798706654091,25.236220006008,21.927199122595,28.192273481973,32.442813932405,33.227722437096,33.068065198984,35.061517542856,31.781177068553,21.165412040187,20.975755987011,21.977099978863],"sequence":1}