{"isSeizure":null,"channelData":[12.596847775713,13.714858925099,12.067253772431,12.993661908839,11.677226529001,10.780470781501,14.025755028546,14.781728439226,15.288331343793,17.073282026834,15.771600095508,14.091869707562,13.631321662572,13.383215498098,15.200092472407,15.056946899827],"sequence":6}