{"isSeizure":null,"channelData":[23.085933564465,24.672781488651,26.45786440678,29.731285134092,37.299886691083,37.610783848384,42.43916157368,42.78540788921,34.759050105049,22.939636806331,25.814786582138,29.113647552115,31.535321075636,38.642791368738,34.241774296987],"sequence":5}