{"isSeizure":null,"channelData":[38.229563255631,28.955639921523,29.139310110739,39.296324246407,30.273279094626,27.722399402864,28.820516627078,34.595993534675,31.743945795002,29.524910745329,26.336753020111,27.366196944476,22.967328583999,35.028015943688,29.05135935009],"sequence":5}