{"isSeizure":null,"channelData":[22.614517520193,21.823004168342,34.621085069187,36.738247682522,39.56475862885,36.417531318025,34.552167668628,31.117530302902,38.464400419216,41.121915114091,42.316933957481,40.974196712025,38.895750332005,42.217481323733,42.139172969522],"sequence":5}