{"isSeizure":null,"channelData":[44.997948484158,18.334672100653,17.090004138898,17.475868738097,17.393421041528,17.712901248917,17.279684201638,18.072272426062,17.687267271075,17.970958336855,18.025262347897,17.420371614626,18.410918385051,17.517252023307,18.763722595003],"sequence":1}