{"isSeizure":null,"channelData":[28.563854205116,31.81936004074,21.103070324444,17.485381352352,17.250334824729,16.254308252683,16.648447892165,16.382344501646,18.797968296967,17.731436173142,22.7190736656,24.4732728061,23.032600041724,17.002145306509,17.607531511452],"sequence":6}