{"isSeizure":null,"channelData":[19.80587986821,20.39372149159,20.578062865682,20.877036123095,20.396443726859,21.386976968222,20.677307137936,21.395464344591,21.634476461811,21.345793760773,21.37381222102,22.365086480315,21.85953370853,22.727429153649,22.610913981451],"sequence":3}