{"isSeizure":null,"channelData":[24.631042205286,24.587383905175,24.904898661471,24.790650174919,24.049528053098,24.587304200276,24.156745386425,24.229546357084,24.54114191174,23.927303811896,24.82486905033,23.904485592716,24.178094619228,25.892560589384,22.998708729998],"sequence":2}