{"isSeizure":null,"channelData":[19.726787169451,18.741603179023,18.990231494978,20.126720924926,23.600787044301,27.598121138673,30.720980451102,35.082024277799,35.20481978685,38.245289086931,37.221321302239,37.895363408521,19.005672274227,20.777326207727,21.860066067944],"sequence":5}