{"isSeizure":null,"channelData":[11.727471456714,12.961613048224,11.412909331658,11.611034535407,13.278991531981,11.606562963215,11.360525366547,11.580603352717,11.947048730268,11.985956179536,12.931358396886,13.432770353715,12.53320449754,12.044760805984,11.795373983118,11.140502144958],"sequence":2}