{"isSeizure":null,"channelData":[22.430169448337,19.298758501748,24.880200675415,29.550602879246,34.022556422821,34.272568371691,30.337742485746,19.763726368832,18.664704614696,19.211675993711,21.174459525272,21.425957985363,24.987426314474,20.483424037048,18.923539282861],"sequence":1}