{"isSeizure":null,"channelData":[23.193532704275,22.356284388549,23.096460929011,24.876011569261,23.824625272193,22.667232891762,22.920399651447,22.010651252865,21.682821468726,23.543422009505,22.931541148904,23.103050497704,21.686073618596,21.372005305129,20.681385387449],"sequence":2}