{"isSeizure":null,"channelData":[15.886721471367,15.376239088623,16.101632627199,15.809119924345,14.406404128099,15.978249580992,16.173591582005,14.062289313071,14.28334501778,15.689052950791,15.367679866146,14.166260245208,13.598089425389,13.935949267417,13.375565763982,13.437968127153],"sequence":3}