{"isSeizure":null,"channelData":[21.793494759362,22.424312740921,22.871360320364,23.733119924121,23.603032467176,22.749899650573,22.785688346128,23.206818489557,22.17261643048,22.345018457986,22.015270825488,23.251954645456,23.475513321176,25.195341540049,24.497011708018],"sequence":3}