{"isSeizure":null,"channelData":[18.112551900082,21.154035999729,19.554507887851,24.317051494735,25.719494532858,26.178634524541,17.221665024672,17.633238548739,18.045716992864,17.405416370829,18.135352707265,17.572960520754,17.077908091511,18.153989456075,17.322318167423],"sequence":5}