{"isSeizure":null,"channelData":[12.761068008372,13.545514896784,12.672731886816,13.669856702248,13.801873122758,14.038725498472,14.463535986338,15.030260073291,13.368773658722,12.820737237517,12.670322556076,15.320466326725,14.441181438162,14.350384010285,14.203984407006,13.966790980015],"sequence":5}