{"isSeizure":null,"channelData":[23.005078889833,21.900504512727,22.262485992769,22.877543431133,23.521321059623,27.933214874984,26.240198323833,23.273891708968,22.863165814914,22.754663216816,22.847392462885,23.536336323629,23.020527214623,23.519074445319,23.535743280957],"sequence":2}