{"isSeizure":null,"channelData":[19.322098391707,19.180307825086,19.962502113986,18.85824920949,19.083722777632,18.965839179024,19.293751718013,19.034390628501,18.774549356404,19.259458225729,19.672065957842,18.28850717165,18.403867767478,19.285548893593,19.47213681134],"sequence":5}