{"isSeizure":null,"channelData":[35.761716749821,34.025287249265,37.011960467419,33.233200611002,33.076033862434,32.980397881126,30.831166798506,28.242797500962,32.64593752909,35.798553456993,32.522263576383,35.855079020133,33.844742004769,23.568284729497,25.377128173537],"sequence":5}