{"isSeizure":null,"channelData":[35.695481269379,36.138024001594,38.237150868751,42.633448792757,44.419761087813,45.207266613304,45.49135044761,45.200507893047,46.077465086933,46.259260512304,27.201105592121,33.20940131122,25.770285394516,23.507844141334,28.756571278395],"sequence":3}