{"isSeizure":null,"channelData":[17.883844912512,18.363961914748,18.214394310522,17.839395015387,18.36926796485,18.87276155368,19.810672873466,19.159691830202,19.785205994094,19.041879460209,19.203409244607,18.608444412483,18.38332305144,21.023638780469,23.484435171941],"sequence":3}