{"isSeizure":null,"channelData":[18.99572081729,26.483346368335,37.365620985419,37.963338325068,38.398131110565,46.495708445137,47.730753793048,28.072420986174,16.360353662297,17.279308771722,15.989598497795,16.839139158166,17.280121806801,18.406635808998,20.529630022262],"sequence":6}