{"isSeizure":null,"channelData":[31.649834539067,33.257063417947,32.951545303912,39.55371704972,41.202368820537,43.153236454119,34.40314411741,37.293499493638,24.232133812858,21.465764415261,25.318570466644,25.071723413092,26.256994954737,24.014060342125,29.262662399593],"sequence":6}