{"isSeizure":null,"channelData":[28.268730171471,29.175830675313,28.929494359464,29.632068006889,27.258780091692,27.453399567451,23.786148258631,25.717096159039,26.401582026956,27.819649146516,24.977015955517,23.421450755804,22.527804713521,20.502641857162,22.319670294833],"sequence":4}