{"isSeizure":null,"channelData":[29.711786610506,26.973665142649,22.916119425779,21.345101874077,21.461185803546,23.54397964928,25.785204685056,22.295409680508,20.279869094784,21.016849299426,20.607148898738,21.262271638785,21.216499203192,20.516381618745,21.807269352522],"sequence":4}