{"isSeizure":null,"channelData":[18.656712130876,19.321043332713,18.982901867363,19.926121372032,17.624902355708,21.519456592931,20.873527646009,19.75793875396,19.08538525486,20.66548173572,19.026087691495,21.030998284212,20.12639826708,20.201982023118,20.476151802785],"sequence":1}