{"isSeizure":null,"channelData":[17.513194104439,17.370600650036,16.878310366248,18.105112004595,17.042362599502,17.829188390501,16.973807754661,17.287178815668,17.368462868034,17.446121208792,17.089357442441,18.14315323796,18.223320216574,19.101762153621,18.102645748432],"sequence":3}