{"isSeizure":null,"channelData":[18.687088614021,21.288012803956,23.016712962179,21.154074337753,16.289027006029,17.148626442099,17.866182112874,17.467568743952,17.522744154638,17.376832590653,18.071051674714,16.855434920367,17.234989516756,17.376697568684,16.677381912114],"sequence":2}