{"isSeizure":null,"channelData":[49.370740119275,50.016579649905,50.904805153659,44.132216354034,18.870460401884,17.747381900246,17.758730829355,18.36546418986,18.578465150057,18.549801284269,18.067798687386,18.438991622201,18.145299217486,18.433989665304,17.911848874122],"sequence":3}