{"isSeizure":null,"channelData":[17.200198643308,18.326709753728,17.613298766224,17.622326666554,17.264658293517,17.503764831153,18.864261649567,17.545709952302,17.483630323421,18.154267295823,17.380771278619,17.65665579264,20.648949178934,17.375207100592,18.81315080771],"sequence":6}