{"isSeizure":null,"channelData":[43.362167967594,44.904050558968,43.918294458174,23.868309264438,22.881082155346,20.497320557594,20.724129040984,21.77888558334,23.055340821053,27.444655873877,29.3308886149,23.904360788897,27.663975508196,24.588592392386,26.953177852946],"sequence":1}