{"isSeizure":null,"channelData":[20.024332176068,19.767195454257,20.081255065514,20.049637023977,19.439348724755,19.0693322404,21.810005499852,21.009445694658,20.116792397747,23.024577384231,21.65555128113,21.27996751695,26.06513932413,28.927416145176,27.599517996764,29.03369719981],"sequence":4}