{"isSeizure":null,"channelData":[23.146926732907,24.733565724426,29.069994783472,28.094715101343,27.968478076858,28.624851490591,29.332303564552,28.238269072143,30.536624473288,32.184136840057,33.150675144372,35.349774058153,35.576541352112,37.159530853762,31.095369818168],"sequence":6}