{"isSeizure":null,"channelData":[20.737448879904,17.877164881793,20.18913408542,21.616264547621,22.355388220538,20.880782015173,18.639424235379,17.945149976576,18.641331841311,18.676457049709,17.63820796731,18.070995594193,17.759621395145,18.10604249135,18.421453544344],"sequence":5}