{"isSeizure":null,"channelData":[10.422558388433,11.005478513229,11.795129872876,11.046351535461,10.961557496669,10.807203640732,11.359642301711,10.704003857509,12.216304306471,10.189315763399,10.356428229979,10.353716697152,10.066847170809,10.504935915609,10.817904692646,11.25897942185],"sequence":3}