{"isSeizure":null,"channelData":[19.788085624018,19.574001486788,18.612640830058,19.608568654763,21.60000592377,20.205554076384,18.264628013326,19.867579812276,18.699362852933,19.638006812438,22.074676313785,23.160805126924,27.529884311955,34.65925771848,37.200595934422],"sequence":5}