{"isSeizure":null,"channelData":[12.274388719118,12.025256992437,12.354230444253,11.972958493839,12.023923526432,11.702903718798,12.000059273058,12.568793083007,22.510832484348,19.286918684864,24.414660517291,28.018151982677,29.459453646852,29.692948277823,26.036359571228,23.474882363101],"sequence":2}