{"isSeizure":null,"channelData":[41.109570973837,39.053460450782,34.262969035303,40.156304830356,39.516237037037,32.638753787782,18.18754538546,21.628480546214,26.625620146335,28.195692266044,31.941614244228,31.429740583222,35.952449817538,29.128291872276,17.060780907212],"sequence":1}