{"isSeizure":null,"channelData":[18.484909090909,22.02709623353,26.884443804864,27.734663181042,27.397637561584,19.050175196859,20.270136972407,23.158276797829,18.314504442463,17.967110957244,17.579788582438,18.032246624617,18.015324183266,17.101994732488,16.914576597415],"sequence":4}