{"isSeizure":null,"channelData":[18.782444345785,17.215744413048,17.612352528861,18.941615925158,19.436346590765,19.939516401473,18.941833686177,18.801258042425,19.60567408847,19.220395320353,18.47047121038,17.769129053517,19.773301547448,19.52283389424,20.204715657437],"sequence":6}