{"isSeizure":null,"channelData":[17.517148479397,18.30804335425,18.567788514376,18.573471216938,18.864349406246,19.077161028588,19.158962323988,19.034761878595,19.28819463527,19.015404847685,19.033709623527,18.861589997801,18.116513265211,18.689554447075,19.073561614881],"sequence":4}