{"isSeizure":null,"channelData":[35.557517586236,27.648252503102,24.671647886066,20.216525447054,18.679245841098,22.317935957542,25.081930805322,24.808111788437,30.186017240064,24.792568015362,20.087213944717,20.847119742194,20.59573308088,22.698594504058,21.540295253467],"sequence":1}