{"isSeizure":null,"channelData":[21.854256909247,20.241431639106,23.677554960058,22.097378007455,29.445100993854,34.595913926601,34.134718714511,35.97766562369,28.846268675705,33.873577444253,24.260141688633,26.784691975256,34.913387861255,34.968461704405,38.993846948671],"sequence":3}