{"isSeizure":null,"channelData":[23.898415775373,21.6970961048,27.161491999576,23.141969616488,20.16239681124,27.696168007058,21.195203271345,19.679431604322,23.062178562336,22.634003431694,23.728333834497,17.45213507055,17.387861593799,18.004124634974,17.943321633574],"sequence":2}