{"isSeizure":null,"channelData":[17.534935272211,21.278222601755,26.270792217582,29.799420721896,34.54789059858,37.299140379317,35.763075125619,38.003972652581,34.561097626582,37.741291364959,37.423213854822,35.612935815495,18.283878311871,18.155921867798,17.661293251627],"sequence":3}