{"isSeizure":null,"channelData":[17.09255627594,15.857601554743,16.14685772169,16.366482613526,18.35801409927,17.926033765081,18.613954353182,18.599494104929,18.542557418068,17.408536250322,16.928479038271,18.181413948617,17.632733999823,17.146392118127,17.063310878771],"sequence":5}