{"isSeizure":null,"channelData":[20.034497058948,20.112388261125,21.652052159767,22.7949495035,27.528727506699,27.405800171141,29.384765368917,26.037791079982,28.594988863199,28.849530232046,25.718829398015,31.639560774486,34.886100892215,30.819749687639,32.404432285469],"sequence":4}