{"isSeizure":null,"channelData":[26.251067572024,32.999394239771,34.453965822887,34.945990186955,37.618300863559,37.267691943088,39.259426184456,36.712013917401,40.250979843818,41.097343149402,40.145953989364,40.792733613808,40.786057804153,28.108672843046,19.308311161789],"sequence":6}