{"isSeizure":null,"channelData":[17.799322715219,20.831820814013,18.845711776306,19.59987840816,19.72271875633,19.51992082424,21.104483110526,17.452382661268,21.180928682177,19.659513929052,17.995353606968,17.813538079806,17.449724750502,17.737457410292,17.069776764991],"sequence":3}