{"isSeizure":null,"channelData":[29.965383508053,35.858090051081,37.549241367651,36.519651910644,38.40867364828,35.560700849643,38.969291554861,37.807890665291,38.575531626939,38.194418989624,39.138287530538,40.303594891359,38.946985833587,36.682351946212,40.003975059774],"sequence":1}