{"isSeizure":null,"channelData":[32.672461867186,27.445026066874,18.23033921509,18.903928544267,18.465892959746,18.420871196279,17.545116318309,17.226782194724,17.074425144189,17.009157617415,17.904739769097,19.979787045103,19.131232750105,17.965022383647,21.715193546884],"sequence":3}