{"isSeizure":null,"channelData":[14.085392716864,13.494589619348,12.430467216997,12.988978934419,13.743495948712,12.637092784813,13.077435854081,13.025785483039,14.060648461278,12.876742886652,13.135971959139,12.777900945192,14.448418552161,15.589487651921,14.513724012045,14.076638629863],"sequence":4}