{"isSeizure":null,"channelData":[34.116752758115,22.178889470927,22.618532240465,27.994373197963,30.510557851766,28.62930434635,19.361010373085,19.817271763866,20.795530381746,23.715541653086,29.391872026571,31.828771507416,27.094176970191,20.249047303542,21.362477277531],"sequence":4}