{"isSeizure":null,"channelData":[20.108437299253,20.263411625028,19.325501740041,20.130670263277,20.897356735039,18.806609360723,18.114124308098,19.077709170671,18.594164792614,16.91672711324,17.90133248731,18.550666097677,20.026339921483,19.270802320861,17.797893206182],"sequence":1}