{"isSeizure":null,"channelData":[41.497688973464,41.464357875337,42.244100678374,43.593486658045,43.353826436738,41.965888127274,42.993202936669,27.868895093127,23.064587954418,28.302691788331,18.10540730159,16.911171406474,17.361844300552,17.833353035548,16.933839401505],"sequence":6}