{"isSeizure":null,"channelData":[22.115187460284,23.047970401512,23.23763685049,23.62347010104,24.016400177894,24.766358463727,25.383145610333,26.157288342208,26.242568889717,23.437044917057,16.870429697432,13.477116612912,13.469130320791,13.296219029685,11.969763762205,12.093228261191],"sequence":3}