{"isSeizure":null,"channelData":[20.813370614507,19.36053166972,19.287299271304,19.006740966346,20.708484280394,19.184790073522,19.489755048695,19.14207560381,19.236501157315,19.228267237637,20.209825661513,20.96927619369,23.446632203132,22.99890579254,22.537394402766],"sequence":5}