{"isSeizure":null,"channelData":[33.06837389914,21.939161608482,19.256666258234,19.275004436782,20.0283167345,23.574812323126,29.020987309408,26.58145040722,25.715300128146,32.587593818051,30.408193783705,28.983269730071,34.290516165867,33.393048987844,35.759507692828],"sequence":2}