{"isSeizure":null,"channelData":[28.023053444201,20.426045731281,18.345513896582,20.563424302485,19.153444270811,19.124184689686,19.139883694393,19.771095224623,19.860824851166,19.496276207012,19.081469662049,18.594733198828,19.559733784069,19.462377312732,18.899872004461],"sequence":5}