{"isSeizure":null,"channelData":[18.61574103513,16.876234560052,19.005848621911,20.027021759761,20.629512725239,20.629889469292,18.221647274564,11.615972573723,13.154032553425,13.680733547065,12.760351424359,11.949129892499,11.960318939805,13.061306836059,12.94258737953,12.0023123987],"sequence":5}