{"isSeizure":null,"channelData":[16.639375255844,18.55631194652,17.367808713793,16.769469497365,19.083075141284,18.664235890932,19.548884439601,20.041927666,20.117356280525,19.53207391018,18.509782397595,17.165284825356,16.282488905404,19.019679620341,17.855251261165],"sequence":6}