{"isSeizure":null,"channelData":[29.782942423486,24.002842148512,23.057980643496,22.99959913413,22.633451625744,22.76456910025,22.057936299694,22.114365429151,21.453208420196,21.618438887195,21.870379222098,21.577024979473,21.812869828747,21.711369078341,21.450606292585],"sequence":4}