{"isSeizure":null,"channelData":[17.208534927511,16.413373000802,16.607693217033,16.522036887788,16.747033586974,16.000189947954,16.733645155707,16.115128152138,15.98594498744,16.397833222238,16.823978128059,17.164925864631,16.836597139225,17.016799090982,16.364201569299],"sequence":3}