{"isSeizure":null,"channelData":[15.868054525026,17.666550540412,16.062232515132,20.566904666899,23.462523821853,24.220732421626,26.404460154733,23.252931707462,17.038321152393,15.467790113219,14.768661286304,15.010348238517,13.711397967591,13.977421331812,13.634717730856,14.57425817873],"sequence":1}