{"isSeizure":null,"channelData":[19.357740311667,21.046262338945,20.539490636894,20.98548789249,21.913820059496,21.596463572856,21.275974835327,21.074539724384,22.145097359059,21.547141171944,21.586449516356,21.392777897526,21.801372295361,21.813241069126,21.597827327004],"sequence":6}