{"isSeizure":null,"channelData":[12.37220800273,11.940484249337,12.366007699777,12.150288796236,12.223863917491,12.545189380411,14.999073919251,14.471686010212,14.401287636049,14.29448049587,13.181778466863,14.311764956174,15.781508798619,16.032288926094,15.961553115435,14.867107531343],"sequence":5}