{"isSeizure":null,"channelData":[20.829952835177,19.704981393168,24.827202421837,27.223642267325,22.163908379093,20.462047249412,20.37531145741,21.281411683216,21.807246033625,21.988731560928,22.228541366473,22.906388856037,22.457164108459,23.003747312032,22.699136201398],"sequence":2}