{"isSeizure":null,"channelData":[18.440555745764,19.415662191996,19.65521370125,20.311879931999,19.283006422643,20.511049852232,20.26472839856,20.059765050153,20.239194546816,20.064926057961,19.628673098948,19.303725376618,18.007785255301,18.280964241989,18.957700953218],"sequence":6}