{"isSeizure":null,"channelData":[17.727531290353,17.642211636726,17.446993073114,18.269294236312,17.790826795923,17.350074785151,17.553944107377,18.450913314328,18.548342144824,17.656410820228,18.218456483546,19.334238394911,18.155773669127,20.286140876242,19.392927756654],"sequence":2}