{"isSeizure":null,"channelData":[17.194627413038,18.485712232527,17.918107601034,18.540105459451,18.028920436066,17.858819849258,17.864380859037,19.897971984997,21.69820976208,18.567469257089,16.909190764876,17.193922707925,21.013164148701,22.184792530856,23.112858319115],"sequence":3}