{"isSeizure":null,"channelData":[18.217574211424,18.754395745957,17.758876514627,17.869840719636,17.76607309661,18.134256535706,18.226406796433,17.037996917685,18.83567820686,17.803731355918,18.092124411954,19.142106622301,18.761905768101,17.445150476255,18.434462245657],"sequence":6}