{"isSeizure":null,"channelData":[25.897662641711,26.904082611445,25.84482159063,20.879253103259,19.975845941298,20.109652944013,20.474052162285,20.579198638863,21.913566350711,21.77688186819,20.675271882812,20.705658349588,21.75447193693,20.751682596659,20.013563017328],"sequence":2}