{"isSeizure":null,"channelData":[17.366966466894,17.321628524551,17.316902927776,17.586810819942,20.011994497937,17.331029970452,17.574885582072,18.467245344924,27.295894743983,33.36089534928,38.362104657119,39.629968837078,35.978589425988,39.574177976329,41.6112656879],"sequence":5}