{"isSeizure":null,"channelData":[13.43010358185,13.133276249599,17.378347981306,19.707495522934,21.335332745105,21.452906547362,15.546577585138,13.216716761527,14.742548581373,14.761327711141,14.671301874662,17.517454610363,15.683350779103,15.652633414423,15.282736737053,15.109594111641],"sequence":1}