{"isSeizure":null,"channelData":[13.194889144219,13.791273029623,13.027721648218,10.729322288838,12.835726245735,10.856537676141,11.487267357982,11.807141071754,11.800341644131,11.136646911339,12.632161753267,12.793840653555,12.891115425703,11.218912355519,11.570040369211,10.973214171829],"sequence":3}