{"isSeizure":null,"channelData":[13.211319306772,12.178119752588,12.212665434538,17.096296886399,16.734446240218,15.937148436671,16.924528061874,18.413726072747,19.310540115809,18.310084094196,16.992958134372,19.099436527756,19.925143653217,19.438714458112,17.187684578567,12.563245853992],"sequence":6}