{"isSeizure":null,"channelData":[17.113549308028,17.203439568977,17.87121931858,17.804202656755,17.639476682844,17.76443162478,17.457452780416,17.587723001326,18.12342911659,17.879308889208,17.755018774207,16.633157405844,17.645178703216,18.34916105612,18.056137253494],"sequence":6}