{"isSeizure":null,"channelData":[26.332540343197,26.244722389899,26.59077691651,26.427729846832,25.588051750381,26.746650616658,27.157949892458,28.288046462513,27.390542877631,28.500314251849,25.98372925617,27.735400634727,26.293640676707,25.956795903562,25.701325783906],"sequence":2}