{"isSeizure":null,"channelData":[24.856713007046,26.37297139546,26.452015253541,24.718133789401,22.774933561284,27.121388458313,26.91314823362,26.817019458183,24.942868620238,24.506300778605,25.254423908769,24.423325175313,24.543567009264,21.086889277655,20.902036365481],"sequence":4}