{"isSeizure":null,"channelData":[16.704439690998,16.793076974994,19.80706586017,21.557661332939,21.235655893616,21.931870269356,22.367738063033,19.917964706827,20.171020373658,21.487799615882,21.222632163943,21.317123762209,19.594371483762,20.284512881256,17.443232925537],"sequence":5}