{"isSeizure":null,"channelData":[20.797673387522,19.2039675368,18.738235145129,20.268049641795,18.731986927221,18.275592079994,18.459965130171,18.052270367463,19.332138676044,17.935415610745,18.322642576246,18.899203113261,19.46014932121,18.392607856633,18.222321123481],"sequence":1}