{"isSeizure":null,"channelData":[17.443816469672,17.737306610111,17.437338004981,17.28607423977,17.074234885666,17.901198959633,18.011532661088,16.65636827521,17.210035808996,18.567896752186,18.092565914823,17.424608801337,19.082254907349,22.409543914981,27.067069727552],"sequence":6}