{"isSeizure":null,"channelData":[18.510237354168,17.597938450444,18.455356386134,18.644484483636,19.782298942158,19.474067198969,21.738390263321,15.896267410891,12.072889328198,11.599550262631,13.580347843092,20.442656367794,15.824361991412,17.728416259666,16.567361977774,17.279448499319],"sequence":4}