{"isSeizure":null,"channelData":[15.145558770865,16.809388172668,17.668250627927,17.4510547503,15.575727701526,16.965094800314,16.415078883366,17.716977363798,19.874565139919,15.709844603608,12.251521030642,15.394923291255,16.843731636902,17.546818335875,18.852304454458,18.337059435143],"sequence":2}