{"isSeizure":null,"channelData":[25.914435219955,26.473543752039,20.648349367325,19.584810501173,20.940695391895,18.058745230278,22.088990138084,22.072366860898,18.028217844806,16.789772559226,17.171914767683,16.918866084284,16.891221583939,17.062116237106,17.273066177496],"sequence":5}