{"isSeizure":null,"channelData":[18.313006561173,18.618992989705,19.677278661286,20.290610030099,19.07412771616,20.336311731469,16.83489503578,19.191812557812,19.18778596848,20.962859429995,21.239253002541,16.784018282362,14.443476524156,15.726005236382,15.485758331175,17.701725826349],"sequence":3}