{"isSeizure":null,"channelData":[17.696055684455,18.114967745746,19.114145116491,20.862646269186,20.688884103681,21.880593860176,23.958786692428,27.494190612437,24.017983156949,22.118566457308,19.237457204447,20.463717187929,23.710040953232,27.072884195347,32.046009461315],"sequence":3}