{"isSeizure":null,"channelData":[18.787478460655,19.820270601252,19.274708552782,19.951182851087,20.679121427574,18.638437320639,19.031084737035,20.214573241742,22.190263840867,24.44395836859,32.718175194232,28.650823405672,33.80630920707,39.329063379565,40.38820362171],"sequence":5}