{"isSeizure":null,"channelData":[11.950741721235,11.628564992307,11.658998404342,11.980121698668,12.821891776736,13.260771745677,13.173285552783,12.488960333851,13.507833802022,14.310041842789,13.796768099663,14.586533196441,13.75366160271,13.108301545142,12.853073771369,12.360021944],"sequence":4}