{"isSeizure":null,"channelData":[19.689281496648,19.135592860629,19.377988358616,17.645305939771,18.78399022822,20.782602053806,14.676660850321,12.855692777619,18.07827084862,23.758644527799,15.280223252795,13.858554497418,15.60899018731,13.788302160902,15.782630215282,13.342120997292],"sequence":2}