{"isSeizure":null,"channelData":[18.367159233084,17.360209007973,17.048904810731,17.883212233863,16.427610891394,16.68659258727,16.750768204765,16.87750863299,17.098133346845,16.417531913456,15.998440801149,16.566637074614,17.364174660373,17.489139342531,16.267184110343],"sequence":4}