{"isSeizure":null,"channelData":[20.637056856753,20.531205307653,21.047151534635,21.092357254132,21.252896390522,21.084063603343,20.765094307677,19.043497211337,20.116934034283,19.456620020619,18.771501448492,18.768647597302,18.060328619654,18.493919791922,17.761670191256],"sequence":2}