{"isSeizure":null,"channelData":[23.041692421022,22.45941431441,22.730687512697,21.974655721906,21.735873123139,21.939870716972,22.281542816104,20.908248115628,22.605537985388,22.741032940908,22.087144505446,21.606134787756,22.559274985741,21.411685235769,20.907884353253],"sequence":3}