{"isSeizure":null,"channelData":[35.317123948478,29.884765161028,30.048378760792,27.794669031084,23.631035753778,17.057841262605,17.152597731416,16.686453461105,16.711436316194,16.18566857741,17.191244220154,17.517972883388,16.064816417513,17.273681185633,17.468463935528],"sequence":1}