{"isSeizure":null,"channelData":[19.805965041258,18.620980373118,18.596564401623,17.129559573364,17.239129426155,18.03645732063,17.71432729543,17.450842163029,17.1438367733,17.367134004419,22.116959312054,19.846320052873,19.415599258388,24.483803650276,26.8460250372],"sequence":2}