{"isSeizure":null,"channelData":[19.853312416222,18.849573798772,18.47614696364,20.29360698897,18.422928778302,21.063887242868,22.949481678632,24.621373942356,24.102330469866,24.915940187233,26.734493416317,23.093018724879,19.483100146808,22.336709439135,23.965908994637],"sequence":2}