{"isSeizure":null,"channelData":[17.808512254085,19.157859605245,19.231956607145,20.500454516627,19.289280147341,21.044964712843,16.737716613547,18.687007267215,18.677880451087,17.957047393505,19.075064360809,18.277030620773,19.403912591754,18.430477293575,17.734899725565],"sequence":6}