{"isSeizure":null,"channelData":[19.227748823773,18.883534526422,16.98773461868,18.609031554199,19.06907682103,19.272895576643,20.170041102146,18.996293463055,19.872030395214,20.844475355358,20.646940216174,18.803425702489,19.723577063902,20.974324924404,20.52968902052],"sequence":4}