{"isSeizure":null,"channelData":[20.534559292469,18.483540936537,23.000232415644,22.496370945583,25.804833012203,25.856164238836,29.320795384908,38.883478452365,42.678007501291,38.014619338341,42.934638615369,43.976068839123,41.829584756776,38.982850459567,30.744481118834],"sequence":6}