{"isSeizure":null,"channelData":[14.559587550447,14.399097402817,13.736696040647,13.391832505023,14.718744326458,14.618783434031,14.346420714165,14.075677545648,17.375368352121,14.808710705766,13.299157862632,12.626123229486,12.278303442328,13.929402112777,13.716356545537,15.285745677051],"sequence":6}