{"isSeizure":null,"channelData":[16.993819399912,17.651818204845,19.922295482709,19.346716207819,19.935393590936,20.234624357981,19.508398490387,19.865606881415,18.792312961992,19.53960102873,22.547243794086,21.806842187705,24.83901884616,25.993306446147,29.477617117765],"sequence":4}