{"isSeizure":null,"channelData":[15.527920718216,13.779519463871,15.796219723293,17.291736923716,15.154287045666,15.437891378668,14.45578751961,16.2217049272,14.874097107779,15.414968577414,15.764766962352,13.410692644728,18.31736898205,14.794544669539,12.864391432754,13.698814463545],"sequence":5}