{"isSeizure":null,"channelData":[22.182171771619,21.462455882601,21.079609097941,20.592645946779,20.652419532162,20.340721181267,20.892925842469,20.683845936019,23.858242636764,21.305485182099,21.538927222192,20.515566414589,20.450950483587,20.995561755009,21.16419882878],"sequence":6}