{"isSeizure":null,"channelData":[24.446086283925,24.870411801276,23.804684230771,23.307315072779,19.118954331241,19.159417470802,22.661711998852,21.229454225799,20.963907039692,20.053506471534,20.051482948834,19.955018618822,20.472855336978,21.330862707193,20.563217417804],"sequence":5}