{"isSeizure":null,"channelData":[12.969999067109,12.362423549828,11.842664010849,10.366324473582,10.553110562034,10.612771457022,10.77017626312,10.865448209951,11.384655443968,12.985268127704,13.615483920121,13.215359709791,15.587548539054,15.37435740955,14.489375951036,18.165434337699],"sequence":1}