{"isSeizure":null,"channelData":[33.017696568592,29.752584564582,34.991132796823,29.316467867369,18.866995740649,19.150814694527,18.359361458364,18.001813478073,18.089029951356,17.912241501656,18.211526424415,17.393092146942,18.169908283224,18.806948681331,17.073271688716],"sequence":2}