{"isSeizure":null,"channelData":[18.213216941808,21.964273813591,17.460648157923,18.402586367249,20.082592358033,20.018451261019,19.600981535964,20.197806654388,20.801122816511,20.133461783857,20.69986780364,21.516106359556,19.008250002113,20.084230458728,20.777548448219],"sequence":4}