{"isSeizure":null,"channelData":[25.109627701823,28.508335411023,22.323030541023,24.998702155183,26.37967853334,25.734996069947,24.771447404002,25.391062325519,25.21605032148,27.090109204105,28.575406728061,22.100842889884,21.970989660266,24.809636630853,23.368809789406],"sequence":6}