{"isSeizure":null,"channelData":[32.91067620176,19.866316194276,21.916124743857,28.457253694217,30.096666130902,22.440928824597,19.239600103101,20.380870360104,23.86816654876,27.355063698039,25.304669303543,24.375566435641,18.102229642623,17.741865702226,17.681918731786],"sequence":5}