{"isSeizure":null,"channelData":[17.633270281453,17.283007639387,17.492020052285,17.093996443401,16.885940223056,18.159299997466,18.192666596261,18.238753141433,18.211277713051,19.565654984516,23.254889913388,30.606284783207,33.59680160725,31.289247270833,38.018785815483],"sequence":4}