{"isSeizure":null,"channelData":[26.252814452121,32.398050193541,37.677977093736,39.644749654945,40.105509577733,28.95879534042,23.302477045536,32.876360568015,38.749874128951,42.166241134752,29.761055262521,39.51706862994,25.428920755616,18.109854460709,17.528868360277],"sequence":4}