{"isSeizure":null,"channelData":[18.153962751696,16.843095810657,16.832057072903,18.071064723811,20.084347745172,23.875376386436,29.999304666367,35.815394457555,34.399506400704,36.278535200782,39.172207941554,39.360781491438,40.659052804498,38.836062730299,41.937772588635],"sequence":3}