{"isSeizure":null,"channelData":[26.970814217014,20.358775411238,18.085783847529,20.788903580146,27.570462624394,36.057817572298,39.791931672863,42.186798008686,21.92478195208,22.569295425823,17.12856509157,17.207966713836,16.672222574308,17.344594309266,17.834943537208],"sequence":4}