{"isSeizure":null,"channelData":[15.062389700748,14.327999015986,11.861807333432,11.465084447899,12.26952794779,12.299732672346,12.182350300289,13.43341322335,12.148856754732,12.034609689021,13.201662436548,14.822757555889,15.151197332011,13.225346326671,13.970249868979,15.831257907141],"sequence":6}