{"isSeizure":null,"channelData":[18.682857058098,17.838278749857,17.885022839926,19.183281835819,17.812953260516,18.582738344345,18.718993837232,18.072152086109,18.347363303955,19.054449314628,19.049509764543,17.551212379882,18.208593835924,18.697735478906,19.385561953418],"sequence":5}