{"isSeizure":null,"channelData":[20.035949217347,18.610945589012,20.523139479346,21.428675935793,21.67520984228,19.198921482032,17.771365969806,19.459308788287,19.646416925023,18.617960156131,19.17358157078,18.77544407359,17.990706311858,18.114721009383,18.340099162655],"sequence":1}