{"isSeizure":null,"channelData":[23.007791032914,22.452376724838,23.691934631403,23.858008266106,24.25470959441,23.303953077294,25.417799841715,24.946677555995,23.875606110012,23.490925317328,22.713579045362,24.685947723469,24.263296073325,23.372660854565,23.070880027065],"sequence":1}