{"isSeizure":null,"channelData":[37.533538896819,37.037021989742,36.574784091534,33.836567246453,40.362942145966,29.826215804825,25.133213550186,33.581876450717,31.519001297567,21.819248169988,27.893545314055,34.053295992013,35.085518963766,37.479781550215,37.872030651341],"sequence":5}