{"isSeizure":null,"channelData":[28.201235949341,22.70965243776,29.124168833699,36.506349643243,38.516227124688,42.780288430995,41.24595243235,43.081918500552,43.783907345322,45.311395619511,45.57460290603,45.967051676355,45.908954301485,45.161932419504,46.469775584508],"sequence":3}