{"isSeizure":null,"channelData":[17.427829143425,19.258125781631,19.833930426303,19.418087723763,17.169581904018,18.390373900044,19.671896594117,19.287919787593,16.543194744275,17.933132118403,15.354499577694,16.384980025043,17.417953135476,14.209660162022,13.577685565446,13.806915496606],"sequence":3}