{"isSeizure":null,"channelData":[36.474387245583,35.500368372471,30.25503580215,36.130504214106,35.976930363955,37.129926168228,36.664209027493,32.960661657194,21.920766032677,30.208041477092,25.580442430183,28.541272825829,32.630141215579,34.612472433227,34.792051877122],"sequence":4}