{"isSeizure":null,"channelData":[25.149626842005,25.11873972209,23.520717490306,23.169267199459,24.816122568044,26.751477713793,25.098602326919,24.534348528827,24.137471139941,23.753314830641,24.960002367975,25.392070074475,24.11296584999,25.491996989887,25.699797820864],"sequence":5}