{"isSeizure":null,"channelData":[16.436591279664,16.185652030708,17.151856355177,17.14704178664,18.037763271859,17.078018466059,16.637418064097,17.832090135042,16.766418146873,16.703386827317,16.651815892652,19.116094964443,20.169498484618,23.174613541424,23.163302378487],"sequence":4}