{"isSeizure":null,"channelData":[35.343956929077,38.93993618617,37.455407639802,41.218785645531,44.677365572515,44.913884892086,45.870087682566,29.957023604895,20.372071140741,20.794270866341,23.076641779674,23.279731645891,20.189675647121,20.257297406773,20.694612801723],"sequence":1}