{"isSeizure":null,"channelData":[26.060209058052,28.621041736482,31.414984417732,33.960060388625,36.367316392685,30.946635475204,28.045936246033,37.556193482956,41.575773501738,31.053279629803,21.346722374541,23.447742563365,21.368968459829,21.816181380214,22.622246453991],"sequence":1}