{"isSeizure":null,"channelData":[42.165129311256,44.334863160742,18.572544381719,16.758889006231,16.761675519908,18.035602969871,18.092107376197,17.41966314438,20.956400938561,21.843549105722,25.418111443309,30.04002777472,33.594023138424,38.790426940997,30.664796033069],"sequence":6}