{"isSeizure":null,"channelData":[21.518176899275,21.625934508305,21.840816585304,23.139905686312,22.991115410939,23.343991067803,21.973502479647,21.70389595019,22.726847525004,24.9002052204,27.831867115722,30.396017755447,25.28546251774,20.735876380064,21.760126967489],"sequence":4}