{"isSeizure":null,"channelData":[19.982765832492,19.298057587996,19.056424238581,18.695226272811,18.101159979032,18.109486398195,18.356363498118,18.378977457725,18.796501356686,18.183697341306,18.615010970336,19.2396638343,20.689067277964,19.755538805515,21.058219787106],"sequence":3}