{"isSeizure":null,"channelData":[19.796187490176,22.629558093136,23.415956251722,23.311506028944,22.09556421158,23.678180761678,23.820084533434,23.861996194577,24.398613576946,23.1632879685,16.155046414328,12.336994973003,12.85807522733,17.147502883898,20.263349041412,22.000826512836],"sequence":2}