{"isSeizure":null,"channelData":[33.892531505525,33.415498843845,30.763025046374,35.648842773954,29.164321969377,26.471106716695,27.746139286334,26.493140898003,30.326373575211,27.539648481309,33.662278363167,32.87436856123,35.544468858278,36.495154792735,30.330980256146],"sequence":1}