{"isSeizure":null,"channelData":[30.864853623963,21.096628623679,32.672565508526,36.466113046943,41.262998428018,43.876492408047,44.309894391643,43.988284901056,39.462807573115,44.309618052032,41.328395961411,42.582159624413,44.521395140579,40.950135877617,18.143834806765],"sequence":4}